case2_cg_fc1,case2_cg_fc2
50.45425120958421,60.97445126205631
